{"min_iter": 0, "max_iter": 2, "mat_val": [[0.7308668616848253, 0.758924848921613], [0.7308038987246015, 0.741417895800663], [0.728845793439629, 0.7373418305404472], [0.7295358435996994, 0.7359743410881474], [0.7234031734055262, 0.7349777611828769], [0.7232839165426376, 0.7339257844404876], [0.7226415603306495, 0.7341884600759255], [0.7190747876679409, 0.7310905980584579]], "mat_tst": [[0.7563805104408353, 0.7563805104408353], [0.7110091743119267, 0.7110091743119267], [0.7563805104408353, 0.8028169014084507], [0.7563805104408353, 0.7563805104408353], [0.8028169014084507, 0.8028169014084507], [0.850356294536817, 0.8028169014084507], [0.850356294536817, 0.7110091743119267], [0.8028169014084507, 0.7563805104408353]], "mat_complex": [[52.0, 53.0], [54.0, 48.0], [49.0, 55.0], [55.0, 45.0], [51.0, 52.0], [57.0, 46.0], [59.0, 49.0], [57.0, 45.0]]}